-- Дані для таблиці books
INSERT INTO books (book_id, title, author, publisher, publication_year, genre, price, copies) VALUES
('B001', 'Тіні забутих предків', 'Михайло Коцюбинський', 'Літопис', 2020, 'Класика', 250.00, 10),
('B002', 'Кобзар', 'Тарас Шевченко', 'Освіта', 2019, 'Поезія', 300.50, 15),
('B003', 'Хіба ревуть воли', 'Панас Мирний', 'Українська книга', 2021, 'Роман', 270.00, 8),
('B004', '1984', 'Джордж Орвелл', 'Клуб Сімейного Дозвілля', 2022, 'Фантастика', 310.75, 5),
('B005', 'Франкенштейн', 'Мері Шеллі', 'BookLand', 2023, 'Фантастика', 290.00, 7);

-- Дані для suppliers
INSERT INTO suppliers (supplier_id, supplier_name, supplier_address, supplier_phone) VALUES
('S001', 'КнигоСвіт', 'м. Львів, вул. Зеленая, 12', '+380671234567'),
('S002', 'BookHouse', 'м. Київ, вул. Грушевського, 5', '+380501112233'),
('S003', 'Літера', 'м. Харків, вул. Наукова, 7', '+380931234567'),
('S004', 'СвітКниг', 'м. Одеса, вул. Дерибасівська, 10', '+380631234555'),
('S005', 'Українська книга', 'м. Дніпро, вул. Січеславська, 18', '+380981231231');

-- Дані для employees
INSERT INTO employees (employee_id, full_name, position) VALUES
('E001', 'Іваненко Олег Петрович', 'Менеджер'),
('E002', 'Петренко Марія Іванівна', 'Касир'),
('E003', 'Сидоренко Павло Михайлович', 'Бухгалтер'),
('E004', 'Дорошенко Оксана Віталіївна', 'Комірник'),
('E005', 'Мельник Андрій Васильович', 'Директор');

-- Дані для deliveries
INSERT INTO deliveries (book_id, supplier_id, employee_id, delivery_date, quantity) VALUES
('B001', 'S001', 'E004', '2025-10-01', 10),
('B002', 'S003', 'E004', '2025-09-15', 15),
('B003', 'S002', 'E001', '2025-08-10', 8),
('B004', 'S005', 'E001', '2025-07-20', 5),
('B005', 'S004', 'E005', '2025-06-05', 7);
